FIFA World Cup 2026™ — Private Football & Multi-Sport Training Academies,,,,
Inventory of private elite athletic training academies and boarding school soccer academies.,,,,
,,,,
ID,Facility Name,City,Latitude,Longitude
1,IMG Academy,"Bradenton, FL, USA",27.4428,-82.6074
2,Shattuck-St. Mary's School Soccer Academy,"Faribault, MN, USA",44.2983,-93.2672
3,Montverde Academy,"Montverde, FL, USA",28.5996,-81.6756
4,Black Rock FC / Berkshire School,"Sheffield, MA, USA",42.0734,-73.5559
5,Syracuse Silver Knights / Sportsplex,"Liverpool, NY, USA",43.1104,-76.2256
6,Grande Sports World (Barça Residency Academy),"Casa Grande, AZ, USA",32.8872,-111.7583
7,The Hotchkiss School,"Lakeville, CT, USA",41.9701,-73.4357
